<plugins>
        <pyqgis_plugin name="MariaDB to QGIS" version="1.0.2">
        <description>Fetches longitude (x) and latitude (y) data from MariaDB and writes it to a Shapefile or GeoPackage and adds it to your map.</description>
        <about>This plugin enables users to connect to a MariaDB, select a specific table, and identify the spatial data columns for longitude (x) and latitude (y). Users can then export the data as Shapefiles or GeoPackages. The plugin streamlines the process of transferring spatial data from a selected MariaDB table into QGIS for enhanced analysis and visualization. The records with no longitude (x) and latitude (y) will show on the map as csv or table. With support for multiple data formats, it facilitates seamless integration of database information into QGIS projects. The default coordinate system in this plugin is EPSG:4326.
		Ensure you have the python mariadb, sqlalchemy module installed! On windows this can be installed using the OSGeo4W Shell. The plugin may give an error message if this is not installed.
		</about>
        <qgis_minimum_version>3.4</qgis_minimum_version>
        <author_name>Rubiere Arodi Ramirez</author_name>
        <download_url>https://rubi3r3.github.io/qgis_mariadb_plugin/qgis_mariadb_plugin.zip</download_url>
        <file_name>qgis_mariadb_plugin.zip</file_name>
        <icon>https://daniel-bartholomew.com/wp-content/uploads/2020/05/MariaDB-Seal-with-Text-alt.png</icon>
        <tags>GIS, mapping, plugin, mariadb, points</tags>
        <homepage>https://rubi3r3.github.io/qgis_mariadb_plugin/</homepage>
        <repository>https://rubi3r3.github.io/qgis_mariadb_plugin/</repository>
        <tracker>https://github.com/Rubi3r3/qgis_mariadb_plugin/issues</tracker>
        <experimental>False</experimental>
        </pyqgis_plugin>
        </plugins>
